{
  "info": {
    "_postman_id": "8f2a4a01-fa51-46c9-b663-20e3f513c6a7",
    "name": "API WChats",
    "description": "Teste API WCHATS",
    "schema": "https://schema.getpostman.com/json/collection/v2.1.0/collection.json"
  },
  "item": [
    {
      "name": "SendMessageAPIFile",
      "request": {
        "auth": {
          "type": "bearer",
          "bearer": [
            {
              "key": "token",
              "value": "eyJhbGciOiJIUzI1NiIsInR5cCI6IkpXVCJ9.eyJ0ZW5hbnRJZCI6MSwicHJvZmlsZSI6ImFkbWluIiwic2Vzc2lvbklkIjoxLCJpYXQiOjE2MTU1OTM3ODIsImV4cCI6MTY3ODY2NTc4Mn0.d_irhAg5jMXHVvZoLAV1pO13nMhxuNS3u3EsKxFQUoQ",
              "type": "string"
            }
          ]
        },
        "method": "POST",
        "header": [],
        "body": {
          "mode": "formdata",
          "formdata": [
            {
              "key": "media",
              "type": "file",
              "src": "/home/durans/Downloads/577.pdf"
            },
            {
              "key": "body",
              "value": "Mensagem de teste 2",
              "type": "text"
            },
            {
              "key": "number",
              "value": "5598991191708",
              "type": "text"
            },
            {
              "key": "externalKey",
              "value": "externalKeydd211",
              "type": "text"
            }
          ]
        },
        "url": {
          "raw": "http://localhost:3030/v1/api/external/999ab3a2-9f1f-4ffb-969a-bfb72234ece1",
          "protocol": "http",
          "host": [
            "localhost"
          ],
          "port": "3030",
          "path": [
            "v1",
            "api",
            "external",
            "999ab3a2-9f1f-4ffb-969a-bfb72234ece1"
          ]
        }
      },
      "response": []
    },
    {
      "name": "SendMessageAPIText",
      "request": {
        "auth": {
          "type": "bearer",
          "bearer": [
            {
              "key": "token",
              "value": "eyJhbGciOiJIUzI1NiIsInR5cCI6IkpXVCJ9.eyJ0ZW5hbnRJZCI6MSwicHJvZmlsZSI6ImFkbWluIiwic2Vzc2lvbklkIjoxLCJpYXQiOjE2MTU1OTM3ODIsImV4cCI6MTY3ODY2NTc4Mn0.d_irhAg5jMXHVvZoLAV1pO13nMhxuNS3u3EsKxFQUoQ",
              "type": "string"
            }
          ]
        },
        "method": "POST",
        "header": [],
        "body": {
          "mode": "raw",
          "raw": "{\n    \"body\": \"A mensagem desejada\",\n    \"number\": \"DDI+DDD+CELUAR === 5598991199469\",\n    \"externalKey\": \"ID_UNICA_DO_SISTEMA_CLIENTE_PARA_EXECUTAR_UMA_ACAO_COM_WEBHOOK\"\n}",
          "options": {
            "raw": {
              "language": "json"
            }
          }
        },
        "url": {
          "raw": "http://localhost:3030/v1/api/external/999ab3a2-9f1f-4ffb-969a-bfb72234ece1",
          "protocol": "http",
          "host": [
            "localhost"
          ],
          "port": "3030",
          "path": [
            "v1",
            "api",
            "external",
            "999ab3a2-9f1f-4ffb-969a-bfb72234ece1"
          ]
        }
      },
      "response": []
    }
  ],
  "auth": {
    "type": "bearer",
    "bearer": [
      {
        "key": "token",
        "value": "eyJhbGciOiJIUzI1NiIsInR5cCI6IkpXVCJ9.eyJ0ZW5hbnRJZCI6MSwicHJvZmlsZSI6ImFkbWluIiwic2Vzc2lvbklkIjoxLCJpYXQiOjE2MTYwNDAwNDgsImV4cCI6MTY3OTExMjA0OH0.gDoVv_JDnrPLFLAzJgwpz_Cwd2JGhzeCUz2ILQ2uRRA",
        "type": "string"
      }
    ]
  },
  "event": [
    {
      "listen": "prerequest",
      "script": {
        "type": "text/javascript",
        "exec": [
          ""
        ]
      }
    },
    {
      "listen": "test",
      "script": {
        "type": "text/javascript",
        "exec": [
          ""
        ]
      }
    }
  ],
  "variable": [
    {
      "key": "BaseUrl",
      "value": ""
    }
  ]
}
